participant,session,condition,p_true
1,1,standard,0.7824312818419491
1,1,hard,0.7701680874695943
1,2,standard,0.8211491239370008
1,2,hard,0.7425725685098508
1,3,standard,0.8094427659837847
1,3,hard,0.8334079164192618
1,4,standard,0.8281851865579443
1,4,hard,0.7173086751710578
1,5,standard,0.8051883965580745
1,5,hard,0.7703046265371772
2,1,standard,0.7748460093966129
2,1,hard,0.5842959862393433
2,2,standard,0.7424143182348282
2,2,hard,0.6243864942204211
2,3,standard,0.8404867659928508
2,3,hard,0.6501237179325473
2,4,standard,0.6923575652146396
2,4,hard,0.7242721694556251
2,5,standard,0.6872670903802276
2,5,hard,0.5694315374104684
3,1,standard,0.5928857834143936
3,1,hard,0.3457313813702249
3,2,standard,0.7258040342953478
3,2,hard,0.4325547201200183
3,3,standard,0.516560145181576
3,3,hard,0.2861850299899419
3,4,standard,0.5822421903938547
3,4,hard,0.4815270923239246
3,5,standard,0.5501280951904362
3,5,hard,0.42653629091146195
4,1,standard,0.7364932264830661
4,1,hard,0.49184108244033553
4,2,standard,0.751393911702921
4,2,hard,0.7003097663592863
4,3,standard,0.8742632783543632
4,3,hard,0.5747953874188474
4,4,standard,0.7507743454680311
4,4,hard,0.5576053253168667
4,5,standard,0.6478265766066609
4,5,hard,0.6970865606537759
5,1,standard,0.6866869804848876
5,1,hard,0.5541571607349077
5,2,standard,0.8238214796399786
5,2,hard,0.779218387139877
5,3,standard,0.8053441330654891
5,3,hard,0.6059053250290491
5,4,standard,0.8397121417092392
5,4,hard,0.6020238331317191
5,5,standard,0.8134663529264248
5,5,hard,0.5405062704546045
6,1,standard,0.7152246571937868
6,1,hard,0.5432235197463449
6,2,standard,0.7119790197394863
6,2,hard,0.5940662659061017
6,3,standard,0.688170595295197
6,3,hard,0.633821967481573
6,4,standard,0.6519142196544079
6,4,hard,0.6966852916201295
6,5,standard,0.5385901703304037
6,5,hard,0.350582197152833
7,1,standard,0.7917791639991733
7,1,hard,0.7019259457856879
7,2,standard,0.8021434612426537
7,2,hard,0.6541007630432858
7,3,standard,0.8346438354588335
7,3,hard,0.6535693308177224
7,4,standard,0.7433681755941245
7,4,hard,0.6775688887884455
7,5,standard,0.8077471061553321
7,5,hard,0.619546810438765
8,1,standard,0.6163586668613167
8,1,hard,0.4738149668125855
8,2,standard,0.870704971762117
8,2,hard,0.5255305216487139
8,3,standard,0.6893702282770009
8,3,hard,0.5025024478833161
8,4,standard,0.6322632548451468
8,4,hard,0.6113210229919028
8,5,standard,0.6042566849761973
8,5,hard,0.5690180748427579
9,1,standard,0.7341274041058814
9,1,hard,0.5953207294598771
9,2,standard,0.7118293893893647
9,2,hard,0.6208243935977319
9,3,standard,0.7830527338124699
9,3,hard,0.6646505461162965
9,4,standard,0.8538881911913083
9,4,hard,0.5139327624296459
9,5,standard,0.6771374670108854
9,5,hard,0.6672747954732386
10,1,standard,0.5393729173705122
10,1,hard,0.6988549596538417
10,2,standard,0.7618510836454643
10,2,hard,0.586522311270808
10,3,standard,0.5746394597276638
10,3,hard,0.5542972936419306
10,4,standard,0.7150100716660065
10,4,hard,0.5900603366311021
10,5,standard,0.6698134065488636
10,5,hard,0.5967667292868104
11,1,standard,0.669814206907694
11,1,hard,0.37584646430768687
11,2,standard,0.5688121243028701
11,2,hard,0.37566058538913844
11,3,standard,0.49933813207575817
11,3,hard,0.48447469723956
11,4,standard,0.6222408084401104
11,4,hard,0.338994595756662
11,5,standard,0.630246634469539
11,5,hard,0.6219341524338073
12,1,standard,0.714779779010336
12,1,hard,0.4568223316430554
12,2,standard,0.7302910104976106
12,2,hard,0.4926135555360689
12,3,standard,0.6324103452689749
12,3,hard,0.5697904741396606
12,4,standard,0.4884753494491784
12,4,hard,0.5526598460156714
12,5,standard,0.5907117279157202
12,5,hard,0.5741770520643998
13,1,standard,0.5793402797442719
13,1,hard,0.5338236819950091
13,2,standard,0.7208965797855729
13,2,hard,0.5384629367807559
13,3,standard,0.735906726705009
13,3,hard,0.6886225384244693
13,4,standard,0.7083516742292786
13,4,hard,0.4847783691225987
13,5,standard,0.7044984867906339
13,5,hard,0.6951064558741545
14,1,standard,0.8084729217617729
14,1,hard,0.6709655701207426
14,2,standard,0.7470751573879886
14,2,hard,0.6339637208268732
14,3,standard,0.6615356963314462
14,3,hard,0.6008890013255241
14,4,standard,0.8186493601936168
14,4,hard,0.7636646746361991
14,5,standard,0.6994456965030217
14,5,hard,0.6749529053835639
15,1,standard,0.7703733227524113
15,1,hard,0.6578422249285506
15,2,standard,0.7232940651667704
15,2,hard,0.6116555878051224
15,3,standard,0.7335635403520401
15,3,hard,0.7355326773421361
15,4,standard,0.8383171744892787
15,4,hard,0.5196177399501151
15,5,standard,0.7703112087383625
15,5,hard,0.7408724617108116
16,1,standard,0.6555541117498435
16,1,hard,0.5051597585503916
16,2,standard,0.6621295047010982
16,2,hard,0.5710719952956931
16,3,standard,0.8287593692695141
16,3,hard,0.5201403568295707
16,4,standard,0.770663765431554
16,4,hard,0.3499312376115178
16,5,standard,0.7631957323800275
16,5,hard,0.3749691697983248
17,1,standard,0.7892812243301973
17,1,hard,0.48473410752360957
17,2,standard,0.7607503669624907
17,2,hard,0.521534841087952
17,3,standard,0.6980999696791532
17,3,hard,0.64398533224732
17,4,standard,0.7852052475255171
17,4,hard,0.5770897499988954
17,5,standard,0.7434698689309934
17,5,hard,0.6134702382687052
18,1,standard,0.8121716029141041
18,1,hard,0.7070310971887487
18,2,standard,0.7999881773440339
18,2,hard,0.6960510052766817
18,3,standard,0.7593535518061268
18,3,hard,0.7205337858217254
18,4,standard,0.7988490840646367
18,4,hard,0.6107713150581122
18,5,standard,0.8236296184758144
18,5,hard,0.70381242791524
19,1,standard,0.7920683214520099
19,1,hard,0.7328882066722486
19,2,standard,0.7930886838864722
19,2,hard,0.6172883916405578
19,3,standard,0.7089519326598273
19,3,hard,0.4828622165094972
19,4,standard,0.670726775952887
19,4,hard,0.7188798382377934
19,5,standard,0.7757100278764852
19,5,hard,0.6125191270850898
20,1,standard,0.7020209123840422
20,1,hard,0.5325108061310525
20,2,standard,0.7124686519922853
20,2,hard,0.4974318457542541
20,3,standard,0.7640778186206695
20,3,hard,0.48888283005842
20,4,standard,0.741415664221663
20,4,hard,0.6301188338635474
20,5,standard,0.5657330578969688
20,5,hard,0.5826537035209352
21,1,standard,0.6394419314279837
21,1,hard,0.6087014521641256
21,2,standard,0.6097083476903302
21,2,hard,0.5914655499591801
21,3,standard,0.6312807909970731
21,3,hard,0.6444885973009292
21,4,standard,0.7625109331367602
21,4,hard,0.5360621258728137
21,5,standard,0.6865690656414378
21,5,hard,0.587291725248255
22,1,standard,0.7075512064447192
22,1,hard,0.5401765819631676
22,2,standard,0.6623034307404205
22,2,hard,0.43983897505639263
22,3,standard,0.507097272294579
22,3,hard,0.5246143742412125
22,4,standard,0.4765004203641342
22,4,hard,0.46363378618728707
22,5,standard,0.5496314653916091
22,5,hard,0.4984153770618425
23,1,standard,0.6727293702933009
23,1,hard,0.5042289665373658
23,2,standard,0.5847786319697419
23,2,hard,0.5340005775157144
23,3,standard,0.6027052876010293
23,3,hard,0.524561043154677
23,4,standard,0.4811034322590323
23,4,hard,0.5096094406894354
23,5,standard,0.700172591522551
23,5,hard,0.4778657290474318
24,1,standard,0.4443171593236956
24,1,hard,0.592977144696146
24,2,standard,0.6071931727622532
24,2,hard,0.43196950500815556
24,3,standard,0.7436901609981054
24,3,hard,0.34979123748627416
24,4,standard,0.5699931083149865
24,4,hard,0.46723471208230033
24,5,standard,0.7023776357763774
24,5,hard,0.578446442962944
25,1,standard,0.6748115138003411
25,1,hard,0.7515716126762692
25,2,standard,0.8273092803798499
25,2,hard,0.7049816040719975
25,3,standard,0.7669231718156381
25,3,hard,0.7188274420710147
25,4,standard,0.681479483590151
25,4,hard,0.7025847408188312
25,5,standard,0.6745272734026263
25,5,hard,0.6880184308450069
26,1,standard,0.8203016926474793
26,1,hard,0.7018857858093176
26,2,standard,0.8565241959560282
26,2,hard,0.6578316371827657
26,3,standard,0.8017605023154852
26,3,hard,0.5968570127691417
26,4,standard,0.7207104412028386
26,4,hard,0.6307412833244543
26,5,standard,0.780279299440309
26,5,hard,0.6025184249227736
27,1,standard,0.48630513561270733
27,1,hard,0.35159474459179973
27,2,standard,0.4321899444432505
27,2,hard,0.28145581177870593
27,3,standard,0.453556069745121
27,3,hard,0.3704291692990222
27,4,standard,0.43870438889639257
27,4,hard,0.32987152189085545
27,5,standard,0.39517537154781046
27,5,hard,0.42934153070004166
28,1,standard,0.6188758697190683
28,1,hard,0.486298102529512
28,2,standard,0.7365197392728502
28,2,hard,0.5272207544576971
28,3,standard,0.5486419491836598
28,3,hard,0.46902858290894894
28,4,standard,0.6705339688869115
28,4,hard,0.4994019610690065
28,5,standard,0.5756770128348527
28,5,hard,0.450862441772912
29,1,standard,0.667419342945793
29,1,hard,0.563173452298664
29,2,standard,0.6877690319766752
29,2,hard,0.5375894392969369
29,3,standard,0.5756844212965146
29,3,hard,0.6022500891979239
29,4,standard,0.5595169362899008
29,4,hard,0.48528502031781745
29,5,standard,0.6346765093782852
29,5,hard,0.48832562699289167
30,1,standard,0.6074130502141398
30,1,hard,0.45120218038624005
30,2,standard,0.48060373275769847
30,2,hard,0.5310660682676659
30,3,standard,0.6258701879481474
30,3,hard,0.5117117351996242
30,4,standard,0.6846228228306558
30,4,hard,0.4452100629624234
30,5,standard,0.5817647761660633
30,5,hard,0.505006054426558
31,1,standard,0.6602425061212703
31,1,hard,0.5064166928034266
31,2,standard,0.74335152013029
31,2,hard,0.3943467729255504
31,3,standard,0.6338049627753622
31,3,hard,0.6076824835191046
31,4,standard,0.6091493647352905
31,4,hard,0.479221909906467
31,5,standard,0.8007792473835403
31,5,hard,0.544921783262272
32,1,standard,0.606760170008796
32,1,hard,0.5497738123004196
32,2,standard,0.6341085394248347
32,2,hard,0.4745200483194284
32,3,standard,0.5425785210280588
32,3,hard,0.4812919754566748
32,4,standard,0.7378734943078771
32,4,hard,0.42387365991566583
32,5,standard,0.5220162441783963
32,5,hard,0.3787094230247317
33,1,standard,0.5795763970753313
33,1,hard,0.36741914493205363
33,2,standard,0.5906344823981826
33,2,hard,0.35204147776716543
33,3,standard,0.5341008759756756
33,3,hard,0.5317453045425186
33,4,standard,0.6211687684173685
33,4,hard,0.48496538777289716
33,5,standard,0.7660048000931324
33,5,hard,0.39072448692435435
34,1,standard,0.8555371026791917
34,1,hard,0.8261172511739747
34,2,standard,0.8622527922678174
34,2,hard,0.8596566947366335
34,3,standard,0.8219201619976524
34,3,hard,0.8781150576430743
34,4,standard,0.8448813117507439
34,4,hard,0.6703320499412374
34,5,standard,0.8376166825705897
34,5,hard,0.8207301057803913
35,1,standard,0.6034379233423934
35,1,hard,0.3306046991122513
35,2,standard,0.6595160481404245
35,2,hard,0.5367298958549707
35,3,standard,0.7137249871190006
35,3,hard,0.6467650582841462
35,4,standard,0.6543462487614611
35,4,hard,0.4793683850360082
35,5,standard,0.5910931315372954
35,5,hard,0.5099570672530033
36,1,standard,0.5552846929368146
36,1,hard,0.45031809769131853
36,2,standard,0.6207973861859195
36,2,hard,0.5424202449000342
36,3,standard,0.5938889106813499
36,3,hard,0.5002511546150664
36,4,standard,0.539647537693373
36,4,hard,0.47780474677346674
36,5,standard,0.6181533034585919
36,5,hard,0.45607777461439314
37,1,standard,0.6405131175400522
37,1,hard,0.464189118266827
37,2,standard,0.6518677229017044
37,2,hard,0.4384101943731516
37,3,standard,0.6519134715422821
37,3,hard,0.474501809182518
37,4,standard,0.6363066243925821
37,4,hard,0.4799687843423034
37,5,standard,0.4834476692956172
37,5,hard,0.5789834081113748
38,1,standard,0.5940863158990839
38,1,hard,0.5643591926367058
38,2,standard,0.6819924673209548
38,2,hard,0.5224678335806239
38,3,standard,0.5491899335086007
38,3,hard,0.46483128886219066
38,4,standard,0.6126019641110935
38,4,hard,0.5643094021918003
38,5,standard,0.6535662774162525
38,5,hard,0.4775020111479031
39,1,standard,0.8413613158969668
39,1,hard,0.7900740270115069
39,2,standard,0.7598737036635193
39,2,hard,0.6304812188337965
39,3,standard,0.8286681609164637
39,3,hard,0.7586917406973873
39,4,standard,0.8366252328204409
39,4,hard,0.7106910429713725
39,5,standard,0.8762763901185678
39,5,hard,0.7654196931641722
40,1,standard,0.7032670218080765
40,1,hard,0.4101114179591345
40,2,standard,0.7087721575052712
40,2,hard,0.45107855908593397
40,3,standard,0.6364957719865186
40,3,hard,0.5498422066760253
40,4,standard,0.7322114848223487
40,4,hard,0.51395215870599
40,5,standard,0.7151507098600492
40,5,hard,0.4861967620956108
